<?xml version="1.0"?>
<appian-component-plugin name="Color Picker" key="com.coforge.color.picker">
  <plugin-info>
    <description>Custom Color Picker Component</description>
    <vendor name="Leelark Saxena" url="http://www.coforge.com"/>
    <support supported="true" email="leelark.saxena@coforge.com" url="http://www.coforge.com"/>
    <version>1.0</version>
  </plugin-info>
  <component rule-name="colorPicker" version="1.0.0">
    <sdk-version>2.0.0</sdk-version>
    <icon-file>colorPicker.svg</icon-file>
	 <parameter>
      <name>colorHexcode</name>
          <type>Text</type>
      <category>input-output</category>
    </parameter>
   <html-entry-point>index.html</html-entry-point>
    <supported-user-agents>chrome firefox ie11 edge safari mobile</supported-user-agents>
  </component>
</appian-component-plugin>